Brand,Model,Mileage,Year,Price
Nissan,Altima,60102,2015,9995.0
Nissan,Sentra,64042,2021,10800.0
BMW,X3,40995,2022,22800.0
Chevrolet,Malibu,102120,2021,9995.0
Chevrolet,Equinox,58042,2021,13490.0
Chrysler,Pacifica,110270,2007,4200.0
Audi,A7,69362,2015,14995.0
Nissan,Altima,31295,2018,12995.0
Nissan,Maxima,108634,2011,4995.0
Ford,Explorer,42494,2021,19888.0
Mercedes-Benz,C-Class,10700,2024,44500.0
Ram,ProMaster Cargo Van,117678,2018,11995.0
Kia,Soul,26032,2023,14788.0
Ford,Escape,26607,2022,20188.0
Jeep,Grand Cherokee,124240,2015,10495.0
BMW,3 Series,77517,2021,16365.0
Honda,Civic,116500,2013,5800.0
BMW,X3,84920,2021,16765.0
BMW,5 Series,63655,2021,16945.0
Jeep,Wrangler,112895,2019,19998.0
Hyundai,Venue,15641,2021,12988.0
BMW,5 Series,31521,2021,23271.0
Mercedes-Benz,GLC,53475,2020,20400.0
Jeep,Renegade,43321,2021,14555.0
Toyota,Tundra,80286,2022,28695.0
Chevrolet,Equinox,20099,2022,16888.0
BMW,X3,55976,2023,20504.0
Porsche,911,1896,2023,129995.0
BMW,3 Series,67568,2021,15740.0
Hyundai,Santa Fe Sport,103614,2018,9995.0
Nissan,Rogue,19293,2023,19891.0
Jeep,Cherokee,61522,2019,12499.0
Dodge,Durango,59682,2022,19889.0
Mercedes-Benz,GLC,89761,2021,15470.0
Land Rover,Range Rover Sport,41154,2022,39900.0
Hyundai,Elantra,94153,2013,5499.0
Nissan,Rogue,14053,2023,20891.0
BMW,5 Series,30637,2017,16995.0
Volkswagen,Taos,48183,2022,15320.0
Nissan,Frontier,18721,2023,26500.0
Nissan,Rogue,36386,2021,18500.0
Hyundai,Elantra,27485,2022,14800.0
Audi,Q5,24952,2021,27411.0
Kia,Sorento,58214,2022,24988.0
Chrysler,Pacifica,61990,2022,18777.0
Hyundai,Santa Fe,31486,2019,18900.0
Nissan,Sentra,75130,2017,8500.0
Mercedes-Benz,GLC,43900,2021,22500.0
Mercedes-Benz,GLE,75633,2020,22441.0
Volkswagen,Tiguan,33613,2021,18195.0
Toyota,Camry,73037,2021,15899.0
Toyota,bZ4X,25628,2023,24000.0
Honda,Civic,18963,2022,20500.0
Mercedes-Benz,C-Class,21996,2023,40500.0
BMW,3 Series,52383,2021,17893.0
BMW,X5,40401,2022,39995.0
Mercedes-Benz,GLB,62167,2020,19650.0
Jeep,Grand Cherokee WK,79600,2021,21488.0
Nissan,Sentra,23871,2021,14500.0
BMW,3 Series,44129,2021,18916.0
Subaru,Forester,96791,2015,7999.0
Audi,Q3,69689,2018,13395.0
Jeep,Grand Cherokee,181726,2015,7777.0
BMW,X3,55976,2023,20504.0
Kia,Optima,95449,2019,7999.0
Honda,Pilot,92803,2021,19205.0
Ford,Escape,114684,2017,7995.0
Porsche,911,1896,2023,129995.0
Subaru,Forester,129608,2016,7495.0
BMW,3 Series,67568,2021,15740.0
Lexus,ES,118705,2012,7999.0
Hyundai,Santa Fe Sport,103614,2018,9995.0
Nissan,Frontier,18721,2023,26500.0
Ford,Edge,57417,2022,14999.0
Volkswagen,Taos,52059,2022,15990.0
Chevrolet,Equinox,129499,2021,12299.0
Ford,Super Duty F-250,92292,2016,14695.0
Toyota,Prius,163242,2010,4495.0
Acura,RDX,72553,2021,20693.0
Nissan,Rogue,36386,2021,18500.0
Ford,Transit Connect Van,166077,2017,7495.0
Chevrolet,Express Cargo Van,26808,2017,18499.0
Hyundai,Elantra,27485,2022,14800.0
Jeep,Wrangler,55876,2020,20795.0
Mercedes-Benz,C-Class,120085,2014,7777.0
Hyundai,Elantra,119416,2021,10995.0
INFINITI,QX80,11452,2020,31995.0
Audi,Q5,24952,2021,27411.0
Jeep,Grand Cherokee,45854,2021,22900.0
BMW,3 Series,50962,2021,17200.0
Volkswagen,Atlas,58417,2018,18995.0
Kia,Sorento,58214,2022,24988.0
Honda,Fit,81347,2018,10995.0
Mercedes-Benz,GLA,72121,2021,19495.0
Chrysler,Pacifica,61990,2022,18777.0
Hyundai,Santa Fe,31486,2019,18900.0
Nissan,Sentra,75130,2017,8500.0
Toyota,Corolla,103053,2012,7995.0
Mercedes-Benz,GLC,43900,2021,22500.0
Jeep,Cherokee,92083,2019,11499.0
Mercedes-Benz,GLE,75633,2020,22441.0
Mitsubishi,Outlander,102790,2018,11999.0
GMC,Acadia,155152,2013,4995.0
Nissan,Rogue,60881,2021,14590.0
BMW,3 Series,56571,2020,16859.0
Chevrolet,Equinox,134680,2013,4495.0
Cadillac,SRX,85884,2014,8799.0
Ford,F-150,50230,2022,30495.0
Nissan,Rogue,60740,2021,15246.0
Mercedes-Benz,SL,146513,2007,8995.0
Volkswagen,Tiguan,33613,2021,18195.0
Jeep,Grand Cherokee WK,14200,2022,27500.0
Porsche,Cayenne,35383,2017,23834.0
Toyota,Camry,73037,2021,15899.0
Jeep,Grand Cherokee,77865,2018,16495.0
Jeep,Cherokee,76750,2021,15995.0
Scion,iM,116162,2016,7799.0
Toyota,RAV4,127977,2015,10995.0
Mercedes-Benz,E-Class,119634,2013,6995.0
Toyota,bZ4X,25628,2023,24000.0
Ford,Fusion,104032,2017,7499.0
Mercedes-Benz,GLE,70761,2016,14995.0
Kia,Telluride,130575,2021,19499.0
Toyota,RAV4,120258,2017,10995.0
Jeep,Grand Cherokee,140126,2015,8695.0
Honda,Civic,18963,2022,20500.0
Toyota,Corolla,60854,2022,13495.0
Nissan,Rogue,84439,2013,7995.0
Jeep,Gladiator,58322,2021,21988.0
MINI,Hardtop,88909,2020,11995.0
Nissan,Rogue,147766,2012,4950.0
Ford,Edge,89363,2015,8499.0
Mercedes-Benz,C-Class,21996,2023,40500.0
Nissan,Altima,16844,2024,16495.0
Honda,Crosstour,146340,2012,8999.0
Jeep,Cherokee,73476,2015,9742.0
BMW,3 Series,52383,2021,17893.0
Ford,Econoline Commercial Cutaway,195000,2014,9900.0
Nissan,Altima,104734,2016,7777.0
BMW,X1,43702,2023,21988.0
Mitsubishi,Outlander,131653,2019,8999.0
Ford,F-150,91579,2018,21988.0
Nissan,Rogue,55624,2023,16995.0
Jeep,Compass,109637,2019,10598.0
Mercedes-Benz,EQE Sedan,11883,2023,34995.0
Jeep,Grand Cherokee,23178,2023,22900.0
BMW,X5,40401,2022,39995.0
Mercedes-Benz,GLB,62167,2020,19650.0
Mercedes-Benz,GL,117594,2013,12495.0
Jeep,Grand Cherokee,98883,2021,21205.0
Tesla,Model 3,53642,2021,15995.0
Jeep,Grand Cherokee WK,79600,2021,21488.0
Nissan,Sentra,23871,2021,14500.0
Ford,Explorer,80220,2021,28995.0
Volkswagen,CC,98348,2014,7495.0
Ford,Transit Cargo Van,91328,2017,17482.0
Ford,Fusion,112461,2014,5995.0
Mercedes-Benz,A-Class,32135,2019,15900.0
Chevrolet,Sonic,84034,2016,6995.0
Toyota,Camry,46700,2022,19900.0
BMW,3 Series,44129,2021,18916.0
Nissan,Versa,59515,2020,10495.0
BMW,X5,63227,2019,24990.0
Hyundai,Accent,123669,2016,5999.0
Mazda,Mazda6,86806,2010,5995.0
Acura,MDX,37027,2022,28495.0
Mercedes-Benz,GLB,43881,2021,21988.0
Maserati,Ghibli,78108,2014,14956.0
BMW,X3,85011,2019,13988.0
Ford,Escape,64865,2020,13982.0
Jeep,Wrangler,19136,2024,34995.0
Jeep,Wrangler,62784,2017,14999.0
Nissan,Rogue,78049,2019,11005.0
Land Rover,Range Rover Velar,32726,2019,26999.0
Mercedes-Benz,GLE,69533,2022,31995.0
Mercedes-Benz,Metris Passenger Van,103630,2018,13999.0
Honda,Odyssey,154424,2017,7999.0
Dodge,Challenger,46924,2022,17226.0
BMW,X3,100545,2014,7999.0
Ford,Taurus,80506,2016,8499.0
BMW,5 Series,109951,2015,7995.0
Ford,Fusion,64493,2017,10495.0
Audi,Q5,3446,2024,36295.0
Volvo,XC90,9574,2024,44495.0
BMW,5 Series,95154,2017,11247.0
Mercedes-Benz,GLC,65532,2019,16853.0
Mercedes-Benz,C-Class,38221,2020,17999.0
Tesla,Model X,82965,2016,30990.0
INFINITI,QX60,145799,2015,6999.0
Chevrolet,Traverse,20424,2023,28662.0
Land Rover,Range Rover Evoque,82871,2013,8999.0
Mercedes-Benz,GLC,66652,2019,16933.0
Ram,1500 Classic,34926,2021,16110.0
Nissan,Versa,127000,2014,3982.0
Nissan,Rogue,77305,2019,12995.0
Jeep,Compass,27450,2022,19555.0
BMW,4 Series,38888,2021,22396.0
Toyota,RAV4,38277,2020,20995.0
Nissan,Pathfinder,77459,2017,9999.0
Mercedes-Benz,SL,50728,2011,21990.0
Chevrolet,Malibu,54347,2021,12800.0
Mercedes-Benz,GLC,59535,2018,15995.0
Hyundai,Santa Fe,32947,2020,17714.0
Jeep,Grand Cherokee,111766,2019,14900.0
Jeep,Wrangler,64119,2013,15889.0
Toyota,RAV4,127079,2016,10995.0
Nissan,Sentra,60760,2021,10800.0
Nissan,Rogue,64947,2021,14632.0
Toyota,Sienna,139566,2014,9995.0
Jeep,Cherokee,68798,2016,10982.0
Volvo,XC40,11,2024,40885.0
BMW,X5,56139,2020,24490.0
Honda,Accord,48235,2022,18995.0
BMW,5 Series,50104,2021,21988.0
Ram,2500,180778,2015,8298.0
Honda,Accord,56049,2022,17995.0
Volvo,S60,22391,2024,28995.0
Nissan,Sentra,98690,2018,7995.0
Mercedes-Benz,M-Class,143131,2015,16700.0
Chrysler,Pacifica,40843,2021,19388.0
Mercedes-Benz,GLB,76554,2021,19426.0
Dodge,Charger,6240,2023,23900.0
BMW,X6,103007,2018,17995.0
BMW,5 Series,32611,2021,21990.0
Chrysler,300,92716,2018,12995.0
Ford,Explorer,101722,2013,7499.0
Jeep,Grand Cherokee,122124,2014,8599.0
Hyundai,Elantra,7484,2022,15495.0
Hyundai,Sonata,62131,2018,11350.0
BMW,3 Series,56676,2021,19679.0
Honda,Accord,117518,2014,8995.0
Volkswagen,Taos,36873,2022,18611.0
Jeep,Grand Cherokee,98568,2015,9999.0
Kia,Sportage,56562,2019,12365.0
Subaru,Outback,100273,2017,11500.0
BMW,3 Series,77558,2022,29800.0
Toyota,Corolla,69991,2019,12939.0
Honda,Insight,40274,2022,17399.0
Hyundai,Tucson,26,2024,30000.0
Chevrolet,Impala,93300,2017,10995.0
Chevrolet,Express Cargo Van,123928,2021,15999.0
Mercedes-Benz,GLC,69805,2020,17600.0
Mazda,Mazda6,16255,2021,15995.0
Audi,A6,118357,2015,9495.0
Jeep,Wrangler,38970,2017,22800.0
Kia,Forte,32669,2021,14488.0
BMW,X1,47661,2021,18890.0
Jeep,Grand Cherokee,95446,2014,10985.0
BMW,X3,87831,2019,18337.0
Ford,Escape,84862,2017,8053.0
Honda,Accord,115128,2016,11995.0
Nissan,Versa,99854,2021,9299.0
Mercedes-Benz,GLE,78042,2020,24168.0
Ford,F-150,31383,2022,35998.0
Honda,Accord,56808,2018,15000.0
INFINITI,QX60,70535,2019,14999.0
BMW,X2,52371,2020,17995.0
Audi,A6,96949,2020,18799.0
Chevrolet,Equinox,67342,2020,11870.0
Jeep,Wrangler,41557,2021,28995.0
GMC,Terrain,105691,2015,6999.0
GMC,Savana Passenger,96452,2020,20995.0
Mercedes-Benz,C-Class,41876,2019,22900.0
Ford,E-Transit Cargo Van,18918,2022,24988.0
BMW,3 Series,31533,2023,23988.0
BMW,5 Series,62745,2022,24287.0
BMW,6 Series,65922,2018,25990.0
BMW,3 Series,31734,2021,20990.0
Mitsubishi,Outlander Sport,8901,2021,14994.0
BMW,3 Series,72104,2022,29999.0
Honda,Accord,42097,2019,15990.0
Volkswagen,Passat,68515,2017,10982.0
Volkswagen,Tiguan,20680,2021,17911.0
Kia,Forte,3006,2024,17399.0
Lincoln,MKZ,118569,2012,5499.0
Jeep,Cherokee,106809,2019,11599.0
Chevrolet,Equinox,98044,2021,12499.0
Mercedes-Benz,GLA,102211,2017,10996.0
INFINITI,QX60,169275,2019,8995.0
Dodge,Charger,104329,2014,8499.0
Tesla,Model 3,63424,2023,18988.0
BMW,X3,46318,2022,25995.0
Porsche,911,9552,2020,125995.0
Maserati,Levante,34131,2022,29900.0
Chevrolet,Express Cargo Van,59046,2016,16492.0
GMC,Sierra 1500,57063,2020,38450.0
Buick,Envision,7877,2023,29500.0
BMW,M6,111920,2007,15995.0
Ford,Focus,178318,2012,3499.0
Mercedes-Benz,GLE,57452,2020,27490.0
BMW,3 Series,49212,2021,20995.0
Tesla,Model 3,49009,2020,22995.0
Jeep,Grand Cherokee WK,82936,2021,18200.0
Kia,Optima,110584,2018,7499.0
Mercedes-Benz,GLE,66374,2021,27495.0
Chevrolet,Express Passenger,130601,2015,12995.0
BMW,X5,79365,2018,16749.0
Jeep,Wrangler,81382,2016,15995.0
Jeep,Grand Cherokee,30772,2023,22900.0
Mitsubishi,Eclipse Cross,58375,2019,10999.0
Audi,Q5,5968,2024,36995.0
Ford,Super Duty F-350,99509,2017,28881.0
Mitsubishi,Mirage,42530,2022,9900.0
Jeep,Compass,69718,2019,12799.0
Jeep,Compass,65986,2018,11995.0
Hyundai,Santa Cruz,4190,2024,24674.0
Toyota,Avalon,194480,2008,3995.0
Rolls-Royce,Dawn,27016,2019,224995.0
Chrysler,Pacifica,30118,2021,23995.0
Mitsubishi,Outlander,101091,2019,10995.0
Acura,MDX,138000,2010,4995.0
Ford,F-150 Lightning,22123,2023,46777.0
Hyundai,Tucson,48161,2022,16900.0
Jeep,Wrangler,84641,2016,15499.0
Jeep,Wrangler,89496,2017,17895.0
Chrysler,200,96307,2013,5500.0
Dodge,Charger,51932,2022,23398.0
Hyundai,Sonata,69739,2017,8995.0
Ford,Edge,126622,2017,9900.0
Kia,Soul,92488,2020,9236.0
Audi,Q5,63692,2019,13979.0
INFINITI,Q50,52867,2019,15800.0
BMW,X4,31643,2024,31988.0
Jeep,Grand Cherokee,55799,2019,19177.0
Nissan,Altima,66083,2021,13688.0
Ford,Ranger,82952,2019,16995.0
Dodge,Durango,44809,2021,23156.0
Subaru,Forester,115415,2015,7995.0
Honda,Odyssey,50553,2021,21900.0
Mercedes-Benz,GLB,56590,2020,19195.0
GMC,Acadia,94203,2017,11995.0
Mercedes-Benz,C-Class,42067,2019,17400.0
Toyota,bZ4X,16913,2023,26759.0
Subaru,Crosstrek,65893,2019,17911.0
BMW,X1,71151,2018,11800.0
Tesla,Model 3,7056,2024,31388.0
Acura,TLX,58793,2022,22495.0
Volkswagen,Passat,3716,2020,13000.0
Jeep,Wrangler,30816,2021,24988.0
Ford,Super Duty F-250,91723,2019,35995.0
Land Rover,Range Rover Sport,62992,2020,24897.0
Ford,Escape,47031,2018,11995.0
Dodge,Durango,57527,2022,19966.0
BMW,2 Series,30148,2024,21988.0
Dodge,Charger,37058,2022,16091.0
Nissan,Versa,120663,2017,4999.0
Chrysler,Pacifica,64806,2022,16900.0
Ford,Explorer,81413,2018,16495.0
Volvo,XC90,18418,2023,40995.0
BMW,X3,60623,2021,18494.0
Mercedes-Benz,GLC,51430,2022,23988.0
Lexus,GS,114016,2016,15991.0
Hyundai,Tucson,41730,2022,17595.0
BMW,3 Series,44783,2021,19890.0
Chrysler,Pacifica,125043,2017,9995.0
Acura,ILX,61946,2018,12995.0
Jeep,Grand Cherokee,59304,2019,16281.0
Chevrolet,Express Cargo Van,80441,2016,13982.0
Chevrolet,Express Cargo Van,100326,2017,12995.0
Buick,Encore,15591,2022,18240.0
Ram,1500,85411,2014,11999.0
Ford,Mustang,24136,2016,16995.0
Volkswagen,Tiguan,52818,2021,14505.0
Ram,1500,107792,2021,18048.0
Mercedes-Benz,GLC,57243,2020,18995.0
Toyota,Tacoma,123261,2016,19995.0
BMW,3 Series,109419,2015,11995.0
Chevrolet,Equinox,94160,2013,6300.0
Honda,Accord,35077,2023,20189.0
Hyundai,Elantra,52976,2020,12060.0
Toyota,Highlander,47459,2021,24720.0
Toyota,Camry,28690,2022,20344.0
Jeep,Grand Cherokee,2698,2024,39995.0
INFINITI,Q50,64686,2020,19495.0
Honda,Civic,32410,2023,19878.0
Nissan,Rogue,27539,2021,20000.0
Kia,Sorento,33822,2022,21988.0
Mitsubishi,Mirage,28350,2022,9982.0
Jeep,Wrangler,6874,2024,41900.0
Mazda,Mazda6,104780,2013,5999.0
Subaru,Outback,52757,2017,15995.0
Toyota,Camry,88862,2012,9995.0
Mercedes-Benz,C-Class,71523,2021,20250.0
Mercedes-Benz,GLS,21753,2021,47995.0
Audi,A5,58409,2021,19490.0
Jeep,Grand Cherokee,83815,2018,15720.0
Ford,F-150,143111,2015,12995.0
Ford,Focus,72500,2016,7900.0
Ford,Expedition,76451,2021,33995.0
Mazda,CX-5,79685,2021,16276.0
Ford,Mustang,67507,2022,15895.0
Land Rover,Range Rover Sport,70623,2015,16995.0
Mazda,CX-5,127542,2016,9495.0
Toyota,Corolla,103792,2010,7600.0
Audi,A6,140739,2014,6495.0
Chevrolet,Malibu,123535,2018,7499.0
Volkswagen,Tiguan,23435,2021,19911.0
Kia,Optima,127734,2019,7999.0
Toyota,RAV4,27572,2021,20888.0
Dodge,Charger,58224,2021,14900.0
MINI,Electric Hardtop,16297,2022,15995.0
Dodge,Durango,59499,2020,22768.0
BMW,X5,87068,2020,25379.0
Tesla,Model 3,15081,2023,21895.0
Toyota,RAV4,57304,2021,21099.0
Ford,Transit Cargo Van,111195,2017,14999.0
Nissan,Altima,74261,2019,13500.0
Nissan,Altima,62636,2016,8865.0
Jeep,Grand Cherokee WK,24785,2021,32744.0
Honda,Accord,56082,2020,16995.0
Ford,Transit Cargo Van,126482,2016,12999.0
Toyota,Camry,61418,2022,17400.0
BMW,X5,44999,2022,36800.0
Mazda,Mazda3,60172,2018,13995.0
Jeep,Wrangler,73179,2018,21995.0
Kia,Soul,117223,2015,4499.0
Hyundai,Tucson,59232,2020,18998.0
Toyota,RAV4,54434,2022,21690.0
Mercedes-Benz,GLE,48015,2021,30400.0
Toyota,Matrix,133763,2008,3999.0
Ford,Fusion,72564,2017,9499.0
Mercedes-Benz,CLA,8164,2023,35900.0
Jeep,Wrangler,26789,2021,29900.0
BMW,5 Series,52853,2021,20805.0
Nissan,Rogue,48190,2021,16995.0
Mazda,Mazda3,74177,2015,11995.0
Ford,Escape,107813,2017,9495.0
Mazda,CX-5,77781,2019,13812.0
Nissan,Rogue,40036,2021,18193.0
Nissan,Versa,94635,2021,9899.0
Jeep,Wrangler,145184,2016,12640.0
BMW,4 Series,12683,2023,42700.0
Chevrolet,Impala Limited,131863,2014,4999.0
Jeep,Compass,13876,2021,19700.0
Volvo,XC70,84395,2016,15695.0
Nissan,Altima,91536,2019,12995.0
McLaren,Artura,374,2023,189995.0
Honda,Civic,40890,2021,15005.0
BMW,X4,30884,2024,31988.0
Toyota,Camry,162190,2009,4995.0
Audi,Q5,47464,2022,23990.0
Ram,ProMaster Cargo Van,76400,2020,17988.0
BMW,2 Series,59304,2021,15319.0
Jeep,Wrangler,25752,2021,30601.0
Volkswagen,Tiguan,51304,2019,16002.0
Jeep,Grand Cherokee WK,43340,2022,20995.0
Ford,F-150,65610,2020,31495.0
Jeep,Cherokee,54464,2019,15995.0
Hyundai,Tucson,39220,2022,18300.0
Honda,Accord,42597,2019,14995.0
Ford,Transit Cargo Van,13273,2022,30831.0
Honda,Pilot,142167,2011,7999.0
Nissan,Altima,80167,2021,13500.0
Honda,Civic,76076,2020,14899.0
Volkswagen,Tiguan,29784,2021,16960.0
Jeep,Wrangler,48645,2021,19495.0
Chrysler,Pacifica,36217,2021,21995.0
Chevrolet,Cruze,105306,2014,5999.0
Toyota,Corolla,23237,2014,11499.0
Tesla,Model Y,64137,2022,22795.0
BMW,5 Series,23395,2021,29995.0
Mercedes-Benz,GLC,42910,2022,24295.0
Mercedes-Benz,C-Class,43000,2021,18900.0
Ford,Transit Cargo Van,20929,2022,30226.0
Jeep,Renegade,11360,2023,21500.0
Honda,Passport,85290,2021,18995.0
Chevrolet,Corvette,87843,2013,23305.0
Audi,Q5,90674,2018,14981.0
Mercedes-Benz,C-Class,45383,2017,20212.0
Ram,1500,70851,2017,21400.0
Nissan,Rogue,29686,2023,17244.0
Subaru,Forester,78870,2015,10995.0
Honda,Accord,46093,2019,15999.0
BMW,X6,36040,2022,59995.0
Audi,Q5,75218,2018,14995.0
Dodge,Charger,65316,2018,14994.0
Audi,A7,62066,2019,25990.0
Honda,Accord,26350,2022,24595.0
Tesla,Model Y,51579,2021,23395.0
BMW,X5,42858,2023,32115.0
Chevrolet,Equinox,32383,2021,16628.0
Jeep,Grand Cherokee,84182,2019,15995.0
Chevrolet,Malibu,65620,2022,11790.0
Tesla,Model Y,51638,2021,22995.0
Chevrolet,Express Cargo Van,103360,2019,14995.0
Honda,Accord,22917,2020,18995.0
BMW,X2,43823,2022,20995.0
BMW,X3,52019,2022,25499.0
Honda,HR-V,101763,2019,12995.0
BMW,3 Series,39636,2021,22995.0
BMW,3 Series,51476,2021,19990.0
Jeep,Cherokee,102147,2015,8499.0
Mercedes-Benz,GLE,48530,2018,42868.0
Hyundai,Accent,59816,2017,8499.0
Honda,Odyssey,149846,2016,9498.0
Dodge,Durango,73984,2020,16988.0
Mazda,Mazda3,53543,2013,8498.0
Jeep,Grand Cherokee,38131,2023,22988.0
Mercedes-Benz,GLE,58089,2020,26795.0
Nissan,Rogue,105653,2018,10995.0
Toyota,RAV4,49279,2021,20962.0
Ford,Explorer,136501,2013,6499.0
Volkswagen,Jetta,3409,2021,16511.0
Chevrolet,Equinox,105662,2020,9326.0
GMC,Terrain,20858,2022,19990.0
Jeep,Grand Cherokee WK,22328,2022,27900.0
Hyundai,Elantra,25493,2024,16495.0
Chevrolet,Silverado 1500,120206,2017,13900.0
Honda,HR-V,20038,2022,18700.0
Land Rover,Defender,21573,2023,83900.0
Acura,MDX,184098,2013,5999.0
Dodge,Charger,62369,2018,13995.0
Audi,Q3,29000,2023,23990.0
Volvo,XC90,26732,2023,37495.0
Volkswagen,Atlas,70204,2021,15999.0
Chevrolet,Malibu,113133,2016,8088.0
Chevrolet,Camaro,111153,2015,9999.0
Nissan,Murano,58048,2019,12806.0
Chevrolet,Trailblazer,29218,2021,18795.0
INFINITI,Q50,27611,2021,22000.0
Jeep,Grand Cherokee,13956,2021,32200.0
Nissan,Sentra,104477,2019,7999.0
Toyota,Highlander,122349,2021,21395.0
Hyundai,Santa Fe,33742,2023,19495.0
BMW,3 Series,83119,2013,11436.0
Chrysler,Pacifica,42833,2021,22995.0
Hyundai,Santa Fe Sport,113028,2017,8999.0
Ford,F-150,51843,2021,45995.0
Chevrolet,Suburban,237365,2015,14888.0
Hyundai,Elantra,109886,2016,6699.0
BMW,3 Series,73657,2021,20182.0
Ferrari,FF,14921,2015,139999.0
Ford,Bronco Sport,97835,2021,16758.0
BMW,4 Series,88788,2016,10995.0
Mercedes-Benz,CLS,35475,2022,49900.0
Kia,Optima,73280,2013,7995.0
Ford,Escape,69606,2015,9232.0
Ford,Explorer,106322,2013,8995.0
Honda,Pilot,97876,2017,15995.0
Jeep,Compass,76532,2018,11995.0
Dodge,Durango,39763,2021,26895.0
Bentley,Bentayga,8197,2023,204995.0
Mercedes-Benz,GLC,91970,2016,13298.0
BMW,X3,78756,2020,18947.0
Mercedes-Benz,GLE,50165,2021,30489.0
BMW,X1,73772,2020,16981.0
BMW,7 Series,15802,2023,83581.0
Ford,Fusion,88510,2014,7999.0
Jeep,Compass,23831,2023,20495.0
Chevrolet,Express Commercial Cutaway,92201,2017,12995.0
Mercedes-Benz,GLS,69048,2020,32995.0
Audi,Q7,56018,2022,25900.0
Nissan,Sentra,5525,2024,16888.0
Jeep,Grand Cherokee WK,59248,2021,18784.0
Hyundai,Elantra,36095,2022,16968.0
Hyundai,Tucson,3292,2024,30000.0
Nissan,Altima,58325,2022,12990.0
Mercedes-Benz,GLA,61586,2021,21450.0
Chrysler,Pacifica,10,2024,41500.0
Mercedes-Benz,C-Class,5281,2024,42595.0
Hyundai,Sonata,127701,2017,5999.0
Kia,Sorento,59146,2017,9999.0
Volkswagen,Atlas,15209,2021,26311.0
BMW,5 Series,9462,2024,48888.0
Toyota,RAV4,24441,2021,23387.0
Dodge,Durango,85337,2015,13985.0
Audi,SQ5,51515,2021,31875.0
Acura,MDX,52859,2022,30800.0
Jeep,Grand Cherokee,5694,2024,36544.0
Ford,Escape,101769,2017,8550.0
Volkswagen,Atlas,34443,2022,27111.0
Chevrolet,Equinox,6754,2022,20990.0
BMW,X4,74896,2017,12988.0
Maserati,Quattroporte,13222,2017,28885.0
Mercedes-Benz,GLC,27049,2020,29500.0
Chrysler,Pacifica,15708,2023,26995.0
Chevrolet,Malibu,62039,2022,12888.0
BMW,3 Series,30825,2022,26050.0
Ford,Transit Connect Van,118109,2017,8875.0
Jeep,Grand Cherokee,119829,2015,10995.0
Ford,Expedition,80720,2019,22695.0
BMW,X1,78604,2017,12995.0
Subaru,Forester,87718,2017,11580.0
Ram,1500,150804,2016,9990.0
Buick,Encore,29148,2021,16240.0
Jeep,Grand Cherokee WK,33897,2021,27888.0
Ram,ProMaster Cargo Van,78880,2019,19500.0
Acura,MDX,45367,2022,27800.0
BMW,3 Series,77260,2021,25692.0
Volvo,XC90,10461,2023,47195.0
Audi,Q3,56675,2021,15887.0
Honda,Accord,104613,2014,9999.0
Nissan,Rogue,73445,2016,9989.0
Ford,Transit Connect Van,93128,2016,10995.0
Toyota,RAV4,29175,2022,24498.0
BMW,X5,25069,2022,41500.0
Mercedes-Benz,GLE,47299,2018,42590.0
Chrysler,300,65004,2014,9998.0
Mercedes-Benz,GLC,71933,2019,16990.0
GMC,Terrain,95355,2021,14650.0
Subaru,BRZ,27823,2013,15910.0
Tesla,Model Y,57740,2021,22795.0
Honda,CR-V,42816,2022,20900.0
BMW,3 Series,62672,2021,30900.0
Toyota,RAV4,39621,2022,20900.0
Honda,Accord,107319,2015,9352.0
GMC,Acadia,221307,2017,7995.0
Jeep,Grand Cherokee WK,40127,2021,23700.0
Kia,Optima,95500,2013,5999.0
Dodge,Challenger,43333,2022,19995.0
Toyota,RAV4,66779,2018,16850.0
Volkswagen,Tiguan,28600,2021,19611.0
Toyota,Corolla,57869,2019,13005.0
Jeep,Wrangler,50058,2021,21495.0
Honda,Civic,39068,2022,19580.0
Land Rover,Range Rover Velar,35204,2021,26290.0
Audi,Q5,6770,2024,39000.0
Mercedes-Benz,EQS Sedan,14875,2022,69900.0
Ford,Transit Connect Van,154991,2017,7995.0
Audi,Q8,38086,2019,36995.0
Nissan,Rogue,40379,2021,19750.0
Land Rover,Range Rover,99800,2014,24735.0
Nissan,Altima,147282,2015,4990.0
BMW,X3,54772,2023,24900.0
Ford,Bronco Sport,105922,2021,17995.0
Audi,Q3,1871,2024,36195.0
Mercedes-Benz,GLC,54177,2021,22995.0
Volvo,XC90,13010,2023,46475.0
Chevrolet,Equinox,22952,2022,20990.0
Mercedes-Benz,GLE,75493,2019,18795.0
BMW,X3,38867,2022,30500.0
Ford,Edge,61724,2022,15890.0
Acura,Integra,32968,2023,20982.0
Toyota,Highlander,100531,2021,26995.0
Toyota,Tundra,83469,2012,15999.0
Chrysler,200,135342,2016,6599.0
Land Rover,Discovery Sport,77565,2016,10995.0
Mercedes-Benz,C-Class,9701,2024,43890.0
INFINITI,Q60,19934,2014,17800.0
Volkswagen,Jetta,7701,2023,19911.0
Audi,Q7,51046,2022,32300.0
BMW,X5,37015,2023,33893.0
Toyota,Highlander,107254,2019,19885.0
Ford,F-150,102271,2017,12487.0
Mercedes-Benz,GLC,68049,2022,24488.0
Dodge,Durango,101117,2016,13995.0
Nissan,Rogue,28459,2021,19724.0
Chevrolet,Equinox,12535,2022,22390.0
Audi,Q5,49299,2022,23990.0
Chevrolet,Silverado 2500HD,43400,2015,24995.0
Toyota,Highlander,71395,2023,30890.0
Mercedes-Benz,Metris Cargo Van,145309,2016,9985.0
Hyundai,Elantra,55973,2021,13949.0
BMW,X4 M,14425,2021,49100.0
Lexus,GX,60495,2021,32875.0
Mercedes-Benz,C-Class,23182,2022,26900.0
Mercedes-Benz,GLS,61801,2020,35217.0
Subaru,Forester,117005,2014,7999.0
Toyota,Corolla,75775,2021,14446.0
Jeep,Grand Cherokee WK,61551,2021,19490.0
BMW,X3,29472,2022,30682.0
BMW,X5,66120,2022,30849.0
INFINITI,QX60,112973,2014,8995.0
Buick,Encore,27306,2022,17240.0
Hyundai,Elantra,128038,2013,5995.0
Ford,Explorer,17207,2021,27998.0
Nissan,Altima,96598,2015,6995.0
Acura,MDX,19597,2022,40400.0
BMW,3 Series,62882,2016,13095.0
Rolls-Royce,Cullinan,3890,2022,299995.0
Volvo,XC70,154040,2010,5495.0
Ram,ProMaster Cargo Van,30657,2021,27000.0
Tesla,Model Y,41919,2021,23995.0
Dodge,Charger,67389,2022,23900.0
Jeep,Compass,94912,2020,11365.0
Ford,Escape,34025,2022,23998.0
Mercedes-Benz,C-Class,96655,2016,11999.0
Nissan,Altima,8393,2022,17888.0
Mazda,Mazda3,106202,2012,6495.0
Audi,A6,21817,2023,35500.0
Mercedes-Benz,GLA,64200,2019,15478.0
Honda,Passport,42188,2021,19400.0
Nissan,Altima,41251,2023,15246.0
Ford,Fusion,99553,2016,7999.0
Mercedes-Benz,C-Class,7369,2024,50295.0
Acura,TLX,59544,2021,19888.0
Dodge,Charger,9341,2022,29995.0
Acura,MDX,31604,2020,25899.0
BMW,3 Series,28494,2022,29450.0
Chevrolet,Traverse,92200,2017,9995.0
BMW,X3,47852,2021,25500.0
BMW,4 Series,69280,2021,30988.0
BMW,4 Series,52382,2022,25368.0
Nissan,Altima,110926,2015,6499.0
Toyota,RAV4,106910,2015,12495.0
Jeep,Wrangler,4407,2024,35495.0
Nissan,Rogue Sport,58528,2021,12190.0
Mercedes-Benz,E-Class,59064,2020,20242.0
Lexus,GX,55808,2015,22050.0
Nissan,Altima,22969,2024,18995.0
Mercedes-Benz,A-Class,51756,2020,18290.0
Mercedes-Benz,GLB,8508,2024,42900.0
Toyota,RAV4,61309,2021,23990.0
Nissan,Rogue,61687,2020,12593.0
Rolls-Royce,Ghost,6300,2021,265000.0
Jeep,Gladiator,43269,2022,23988.0
Kia,Forte,21,2024,19100.0
Subaru,Impreza WRX,100234,2014,11995.0
Chevrolet,Silverado 2500HD,123105,2021,24995.0
Nissan,Altima,59110,2021,13626.0
Porsche,Panamera,78935,2014,26885.0
Mitsubishi,Outlander Sport,68294,2020,12200.0
Ford,F-150,71173,2018,36005.0
Lexus,NX,63560,2021,22495.0
Volvo,XC40,15306,2024,35000.0
Mercedes-Benz,C-Class,31541,2021,25290.0
Audi,A5,47334,2022,21832.0
Porsche,Cayenne,96262,2021,55990.0
Chevrolet,Equinox,100904,2022,16795.0
Chrysler,Pacifica,123485,2020,13799.0
Audi,Q7,93140,2021,23839.0
Ram,1500,46569,2022,28799.0
BMW,5 Series,42615,2021,22095.0
Acura,TLX,75969,2017,12995.0
Chrysler,Pacifica,41194,2023,23452.0
Jeep,Compass,86347,2014,7988.0
Toyota,RAV4,42660,2021,24980.0
Chrysler,Pacifica,61154,2022,20555.0
Ram,1500,106845,2014,17995.0
Toyota,Camry,58612,2021,16290.0
BMW,3 Series,35138,2021,24336.0
Jeep,Compass,46088,2019,14499.0
Nissan,Sentra,60161,2023,14595.0
Ford,Transit Passenger Wagon,102858,2016,20995.0
Jeep,Grand Cherokee,77711,2019,16995.0
Chevrolet,Trailblazer,38507,2023,19295.0
Ram,1500,56497,2020,29895.0
Mercedes-Benz,EQE Sedan,8335,2024,65778.0
Tesla,Model 3,41879,2018,18005.0
Nissan,NV Cargo,132283,2020,14994.0
BMW,4 Series,32571,2021,31900.0
Mercedes-Benz,CLA,9566,2023,35900.0
Mercedes-Benz,GLE,32988,2020,32995.0
Subaru,Legacy,57757,2012,8499.0
Jeep,Wrangler,42892,2020,24995.0
Chevrolet,Express Cargo Van,66381,2016,16999.0
Chrysler,Pacifica,78147,2019,13995.0
BMW,X2,27491,2022,21075.0
Volvo,S60,6279,2024,36885.0
Toyota,Corolla,82806,2014,10500.0
Dodge,Durango,37106,2023,30900.0
Hyundai,Venue,45376,2021,13388.0
Honda,CR-V,18367,2023,24890.0
Audi,Q3,48840,2022,25311.0
Jeep,Renegade,50566,2021,14250.0
INFINITI,QX60,111803,2020,13980.0
Ford,Explorer,104982,2021,19500.0
Hyundai,Sonata,88143,2019,10499.0
Mercedes-Benz,GLE,43643,2019,43005.0
Hyundai,Tucson,44596,2022,17490.0
Hyundai,Santa Fe Sport,97097,2017,12399.0
Chrysler,Pacifica,54354,2022,26998.0
Ford,Escape,71519,2013,7995.0
Land Rover,Discovery Sport,45908,2021,17988.0
BMW,5 Series,67263,2021,18401.0
Mercedes-Benz,GLS,95201,2018,34995.0
Toyota,Camry,63113,2009,8990.0
Toyota,Highlander,98029,2021,22988.0
Jeep,Cherokee,43975,2019,17995.0
Nissan,Altima,62459,2021,13499.0
Jeep,Cherokee,68232,2020,14800.0
Subaru,Impreza,19438,2022,17889.0
Land Rover,Range Rover Sport,64493,2014,15252.0
Mercedes-Benz,GLE,52053,2022,35595.0
Honda,Accord,86567,2022,19995.0
Hyundai,Santa Fe,125872,2010,4580.0
Hyundai,Tucson,97144,2016,7999.0
GMC,Acadia,41369,2023,23580.0
BMW,X5,39031,2020,28165.0
Mazda,Mazda6,90779,2017,12980.0
BMW,X5,14144,2022,43890.0
Honda,Civic,160780,2015,6777.0
BMW,3 Series,44295,2021,18500.0
Toyota,Highlander,24970,2023,33995.0
Subaru,Outback,127696,2013,6499.0
Honda,Accord,40669,2021,18800.0
Volkswagen,Passat,18120,2021,17911.0
Jeep,Wrangler,104138,2017,15499.0
Ford,Transit Cargo Van,84718,2019,22495.0
Mercedes-Benz,GLC,26192,2021,32900.0
BMW,X5,99819,2018,16795.0
Hyundai,Santa Fe Sport,114741,2018,9199.0
Jeep,Grand Cherokee,83431,2018,14988.0
Dodge,Journey,95155,2020,9900.0
Ford,Explorer,74031,2016,10995.0
Ford,F-150,97031,2022,34995.0
Chevrolet,Traverse,124634,2016,6499.0
Ford,Fiesta,109301,2015,4799.0
Kia,Forte,5065,2024,17927.0
BMW,5 Series,40056,2021,20800.0
Toyota,Corolla,40128,2023,18495.0
Maserati,Levante,20627,2021,32988.0
Honda,Accord,125961,2013,9995.0
Mercedes-Benz,GLE,13685,2022,52995.0
Mercedes-Benz,CLA,7658,2023,35900.0
Mercedes-Benz,GLC,34760,2021,30900.0
Honda,Pilot,155727,2015,7995.0
Kia,Forte,13391,2024,16888.0
Mercedes-Benz,GLB,27025,2021,25992.0
Nissan,Sentra,134449,2015,4999.0
BMW,X2,71705,2020,14543.0
Honda,Accord,12868,2024,21617.0
Lamborghini,Gallardo,15862,2007,104995.0
Nissan,Frontier,68800,2018,16995.0
Lexus,NX,53810,2015,18995.0
Ram,1500 Classic,87819,2019,17900.0
BMW,X3,28589,2022,28888.0
INFINITI,QX60,41556,2020,17995.0
Jeep,Wrangler,81198,2018,17600.0
Maserati,Levante,54919,2021,28980.0
Toyota,Highlander,99124,2015,15999.0
Hyundai,Sonata,105645,2015,7995.0
Mercedes-Benz,GLC,59319,2020,22865.0
Honda,CR-V,85224,2020,21600.0
BMW,3 Series,8317,2021,30400.0
Land Rover,Range Rover Velar,38041,2020,24800.0
Jeep,Patriot,114270,2012,5995.0
Honda,Accord,25601,2023,21319.0
Mazda,CX-5,105333,2015,10995.0
Honda,HR-V,52614,2022,16999.0
Jeep,Cherokee,147588,2019,8495.0
Mercedes-Benz,GLA,54490,2021,19390.0
Mercedes-Benz,SL,11544,2016,46800.0
Nissan,Versa,108094,2015,4997.0
Mercedes-Benz,S-Class,23598,2021,70995.0
Hyundai,Sonata,80044,2021,17150.0
Nissan,Rogue Sport,58928,2021,12490.0
Honda,CR-V,85982,2019,17297.0
Maserati,Levante,22460,2023,51995.0
Honda,HR-V,29575,2022,17995.0
Dodge,Durango,96147,2018,16785.0
Mercedes-Benz,GLC,42020,2020,30995.0
Kia,Sedona,98925,2017,9995.0
Dodge,Durango,56470,2022,29482.0
Porsche,Cayenne,107279,2015,15995.0
Honda,Odyssey,123530,2015,8499.0
Toyota,Camry,76482,2014,14900.0
BMW,3 Series,34960,2021,25000.0
Ford,Transit Connect Van,157521,2018,8995.0
Subaru,Forester,166819,2012,3995.0
Hyundai,Elantra,72022,2020,10999.0
Kia,K5,49700,2022,17995.0
Ford,Transit Passenger Wagon,65351,2019,28495.0
Land Rover,Range Rover Velar,68762,2018,21395.0
BMW,3 Series,59048,2020,28378.0
Honda,Civic,32490,2022,20995.0
Mitsubishi,Mirage,51697,2019,7999.0
BMW,X1,63647,2021,15988.0
Ford,F-150,52301,2018,24998.0
Nissan,Versa,47500,2021,12900.0
Hyundai,Elantra,41912,2021,15357.0
Mercedes-Benz,GL,69219,2016,26695.0
Ford,Super Duty F-250,43588,2022,40995.0
Mercedes-Benz,GLA,49769,2021,19889.0
Ford,Transit Chassis,157970,2015,8995.0
Volkswagen,Atlas,26185,2021,30911.0
Dodge,Durango,43192,2020,26005.0
Honda,Accord,204608,2013,6300.0
Nissan,Kicks,1154,2024,19998.0
Land Rover,Range Rover,38871,2020,38995.0
Hyundai,Kona Electric,14825,2023,21012.0
BMW,X3,107626,2019,15870.0
Mercedes-Benz,C-Class,82096,2016,13981.0
Audi,Q3,63531,2020,16994.0
Nissan,Rogue,33667,2017,12660.0
Toyota,Highlander,19438,2023,36000.0
Audi,Q5,108560,2016,8998.0
Honda,Civic,41929,2022,19502.0
Nissan,Rogue,57387,2020,12592.0
BMW,3 Series,60804,2020,16890.0
Ford,Escape,11906,2022,22999.0
Ford,Explorer,125848,2014,7499.0
Chrysler,Pacifica,11457,2021,25495.0
Honda,Odyssey,39091,2021,23300.0
Dodge,Avenger,97118,2014,5499.0
Honda,HR-V,20110,2022,19000.0
BMW,X2,35936,2023,21988.0
BMW,X5,57038,2021,39495.0
Audi,Q7,47150,2019,18900.0
Land Rover,Range Rover Velar,67949,2018,19005.0
Ram,1500,90498,2013,11897.0
Hyundai,Tucson,24288,2023,20500.0
GMC,Acadia,17521,2022,26990.0
Subaru,Forester,62747,2022,21998.0
Mazda,CX-5,41300,2022,24000.0
Nissan,Pathfinder,116711,2019,9999.0
Mercedes-Benz,A-Class,30428,2020,18900.0
BMW,3 Series,105265,2014,7999.0
Ram,1500,114854,2014,12995.0
Nissan,Versa,60906,2021,11990.0
Mercedes-Benz,C-Class,35936,2021,22095.0
Mercedes-Benz,GLC,42189,2021,26980.0
Ford,F-150,141436,2018,17499.0
Subaru,Forester,102554,2014,8995.0
Hyundai,Tucson,99800,2017,10500.0
Mercedes-Benz,C-Class,20748,2019,25998.0
BMW,X4 M,23465,2022,58995.0
Mercedes-Benz,C-Class,97186,2014,8995.0
Maserati,Levante,21455,2021,34500.0
Toyota,RAV4,56562,2021,22825.0
Audi,A7,95381,2019,24995.0
Hyundai,Sonata,55592,2015,10995.0
BMW,X3,30935,2021,27990.0
Toyota,Camry,47554,2020,18700.0
Mercedes-Benz,C-Class,30032,2020,34988.0
Jeep,Wrangler,50799,2021,27482.0
Ferrari,SF90,533,2023,495995.0
Kia,Sportage,99965,2019,10999.0
Jeep,Compass,39941,2022,18200.0
Mercedes-Benz,C-Class,33548,2021,24750.0
Toyota,Corolla,32148,2022,19900.0
Hyundai,Sonata,49998,2021,12386.0
Chrysler,Pacifica,10472,2021,28995.0
Alfa Romeo,Stelvio,69908,2021,14218.0
Dodge,Charger,10027,2022,78900.0
Ford,Super Duty F-550 Chassis Cab,124235,2016,29495.0
Toyota,Tacoma,163556,2016,17495.0
Porsche,Macan,21591,2023,53995.0
BMW,X3,86840,2010,7995.0
Toyota,Tundra,180445,2014,14995.0
Tesla,Model 3,33259,2021,26999.0
Lamborghini,Gallardo,19556,2008,109900.0
Kia,Soul,93719,2020,9850.0
Ford,Super Duty F-450 Chassis Cab,9845,2019,43748.0
Land Rover,Range Rover Velar,22020,2021,29986.0
Buick,Verano,117359,2014,6499.0
Hyundai,Tucson,55058,2022,18818.0
Jeep,Wrangler,17340,2021,25495.0
Jeep,Wrangler,3113,2024,35995.0
BMW,X2,49730,2022,19617.0
BMW,X5,59993,2022,32990.0
Hyundai,Venue,55776,2021,11500.0
Hyundai,Kona,14828,2022,18777.0
Kia,Sportage,20283,2023,21500.0
Jeep,Cherokee,141606,2014,6900.0
Jeep,Wrangler,92403,2018,23886.0
Ford,F-150,74784,2018,27995.0
Ford,F-150,117076,2013,15799.0
Nissan,Rogue,30371,2023,17248.0
Jeep,Grand Cherokee,62825,2017,14995.0
Dodge,Journey,95639,2019,9499.0
Honda,Accord,46570,2020,16989.0
Mercedes-Benz,C-Class,63085,2020,28400.0
Ford,Explorer,75415,2021,29709.0
GMC,Savana Passenger,73618,2020,23982.0
Jeep,Wrangler,65456,2019,20995.0
Ford,F-150,80643,2013,13900.0
Hyundai,Elantra,31052,2020,12594.0
Cadillac,XTS,102059,2016,10999.0
Chrysler,Pacifica,56061,2019,19574.0
BMW,5 Series,64893,2021,19595.0
BMW,5 Series,38470,2022,26688.0
BMW,2 Series,63353,2015,12999.0
Chevrolet,Trailblazer,15935,2022,20995.0
Chevrolet,Sonic,81689,2016,5999.0
Mercedes-Benz,GLS,62762,2020,33995.0
Lexus,RX,91585,2016,21995.0
BMW,X5,59379,2021,29900.0
Jeep,Grand Cherokee WK,46414,2021,23995.0
BMW,3 Series,76134,2021,18995.0
Mercedes-Benz,GLC,24644,2022,34900.0
Mercedes-Benz,GLE,34568,2020,37900.0
Mercedes-Benz,GLE,49894,2020,30989.0
INFINITI,QX30,133563,2017,7999.0
Mercedes-Benz,E-Class,35218,2019,34995.0
Nissan,Rogue,10903,2021,21898.0
Hyundai,Santa Fe,9607,2022,22500.0
Mercedes-Benz,M-Class,78467,2011,7995.0
Ford,Fusion,80102,2015,8499.0
Tesla,Model Y,72191,2021,19998.0
Mercedes-Benz,C-Class,49603,2017,24990.0
Ford,Escape,58348,2021,14465.0
Cadillac,DTS,101532,2006,4999.0
Jeep,Grand Cherokee WK,54658,2021,20995.0
Jeep,Grand Cherokee,159364,2015,8495.0
BMW,4 Series,73101,2017,14900.0
Jeep,Compass,58255,2021,15990.0
BMW,5 Series,81666,2019,18795.0
Subaru,Impreza,105336,2013,7499.0
BMW,X1,43876,2023,22257.0
BMW,7 Series,78649,2021,28995.0
Chevrolet,Malibu,79977,2017,8995.0
Mercedes-Benz,GLB,31654,2021,26430.0
Kia,Optima,113965,2013,5999.0
Volkswagen,Atlas Cross Sport,9727,2021,25611.0
Ford,Edge,53277,2023,16952.0
Nissan,Murano,88810,2016,9999.0
Kia,Stinger,76811,2022,25995.0
Chevrolet,Traverse,55826,2014,9498.0
Mercedes-Benz,A-Class,61101,2020,14995.0
Audi,Q5,48574,2023,24805.0
Ford,Explorer,104105,2018,13999.0
Toyota,Corolla,19630,2023,18266.0
Honda,Civic,100970,2019,13988.0
Ram,1500,65048,2022,32900.0
Jeep,Compass,54584,2020,14495.0
Audi,A5,3565,2024,44756.0
Mitsubishi,Outlander Sport,5426,2024,17989.0
Ford,F-150,44561,2020,22999.0
Volkswagen,Atlas,5876,2024,40911.0
Kia,Optima,92343,2020,10599.0
Ford,F-150,77509,2019,24998.0
Mercedes-Benz,SL,81424,2003,12988.0
Nissan,Versa,62966,2021,12400.0
Porsche,Macan,15582,2023,55995.0
Kia,Telluride,104658,2020,19995.0
Dodge,Challenger,99810,2018,15795.0
Dodge,Grand Caravan,116997,2014,6995.0
Honda,Civic,30643,2022,22899.0
Land Rover,Range Rover,63210,2019,28550.0
Lexus,RX,32851,2019,32995.0
Jeep,Grand Cherokee,88864,2019,14799.0
BMW,X3,47502,2022,27895.0
Ram,ProMaster City Cargo Van,117100,2020,11999.0
Nissan,Sentra,28586,2023,16238.0
Nissan,Versa,5713,2024,14888.0
Hyundai,Kona,5001,2024,20908.0
BMW,5 Series,61894,2022,25177.0
Volkswagen,Taos,25090,2022,23412.0
Subaru,Forester,33996,2021,21400.0
Nissan,Rogue,16389,2021,19204.0
Chevrolet,Traverse,142818,2020,11999.0
Ram,ProMaster Cargo Van,31879,2021,28450.0
Chevrolet,Equinox,48977,2022,14995.0
Maserati,Levante,32818,2021,31750.0
Jeep,Compass,35585,2022,19994.0
Subaru,Impreza,40078,2022,18200.0
Volvo,XC90,5946,2024,54995.0
BMW,3 Series,113692,2016,8797.0
GMC,Terrain,124574,2020,12999.0
Ford,EcoSport,23375,2021,12998.0
Maserati,Levante,27539,2021,38750.0
BMW,X6,85181,2017,19100.0
BMW,X3,59891,2020,19495.0
Audi,A4,67862,2019,16490.0
Buick,Verano,85287,2013,6999.0
Volkswagen,Atlas,25386,2021,25911.0
Mazda,CX-5,2187,2024,26000.0
BMW,5 Series,35168,2023,30750.0
Mercedes-Benz,GLB,62943,2021,26199.0
Chevrolet,Silverado 1500,66955,2018,31999.0
Jeep,Compass,18055,2022,21900.0
Volvo,XC40,9101,2024,36885.0
Kia,Rio,28760,2023,13548.0
Nissan,JUKE,112235,2014,6980.0
Mercedes-Benz,GLB,20346,2021,29915.0
Honda,Accord,43781,2019,17345.0
Porsche,Macan,53783,2015,23777.0
BMW,X3,56149,2021,19863.0
Maserati,Levante,24791,2023,51232.0
Kia,Forte,74731,2020,11950.0
Jeep,Grand Cherokee,105260,2016,10499.0
Mercedes-Benz,C-Class,77150,2017,19995.0
Land Rover,Range Rover Sport,1013,2024,80995.0
Nissan,Sentra,12000,2021,16774.0
BMW,5 Series,29620,2022,30995.0
Chevrolet,Equinox,44525,2022,15422.0
BMW,X4,32023,2024,32289.0
Mercedes-Benz,CLA,9335,2023,35900.0
Volkswagen,Jetta,63443,2019,12888.0
Jeep,Gladiator,43252,2021,29800.0
Ford,Transit Cargo Van,87682,2016,17482.0
BMW,X7,50851,2019,37439.0
Mercedes-Benz,E-Class,75890,2014,13481.0
Audi,Q5,60059,2021,22988.0
Mercedes-Benz,GLC,39367,2021,29983.0
Jeep,Grand Cherokee WK,40828,2021,26544.0
Toyota,RAV4,40321,2021,24595.0
Dodge,Charger,2250,2023,42402.0
Hyundai,Tucson,92101,2016,8999.0
Toyota,Camry,57216,2022,17400.0
BMW,X1,69998,2018,12963.0
Audi,A6,2102,2024,45211.0
Ford,Explorer,81003,2015,12490.0
Genesis,G90,56869,2019,23995.0
Lexus,GS,95118,2015,18995.0
Jeep,Cherokee,52699,2019,15007.0
Mercedes-Benz,S-Class,17606,2023,62995.0
Nissan,Rogue,15909,2023,26998.0
Ford,Explorer,67859,2015,11742.0
Chevrolet,Equinox,130191,2018,8799.0
Honda,CR-V,32855,2024,29995.0
Rolls-Royce,Ghost,22288,2019,169999.0
Subaru,Impreza,14175,2022,16400.0
Mercedes-Benz,GLC,64090,2020,19495.0
BMW,X5,79824,2014,14995.0
Jeep,Grand Cherokee,172369,2014,7495.0
Chevrolet,Equinox,20681,2022,18240.0
Toyota,Camry,40138,2022,20500.0
Toyota,RAV4,24811,2023,27500.0
Jeep,Compass,12382,2022,23900.0
Chrysler,Town & Country,154433,2014,5950.0
Audi,RS 5,21231,2019,45885.0
Ford,EcoSport,28636,2021,13995.0
Nissan,Rogue,24802,2021,18603.0
BMW,X7,112344,2021,26997.0
Volkswagen,Tiguan,10898,2022,23912.0
BMW,X3,55371,2021,23987.0
Chevrolet,Sonic,82139,2017,7950.0
Ford,Explorer,87640,2017,14995.0
Subaru,Crosstrek,8532,2021,23998.0
Jeep,Compass,26029,2021,17500.0
Nissan,Altima,58100,2021,12900.0
Ram,ProMaster Cargo Van,57074,2023,26988.0
Hyundai,Tucson,29138,2022,18948.0
Jeep,Wrangler,48269,2020,22990.0
BMW,5 Series,38199,2021,21375.0
BMW,3 Series,139802,2007,4700.0
GMC,Acadia,85792,2013,9676.0
Toyota,Highlander,133464,2016,14995.0
BMW,X5,45868,2023,31799.0
BMW,X3,55510,2023,24195.0
Audi,Q7,46048,2021,33000.0
Mitsubishi,Outlander,44772,2022,21999.0
Jeep,Grand Cherokee WK,25982,2022,27944.0
BMW,5 Series,18468,2024,42900.0
Ford,Bronco,15428,2023,38998.0
Chevrolet,Express Cargo Van,131291,2019,13495.0
BMW,3 Series,76757,2022,23795.0
Mercedes-Benz,G-Class,33202,2019,129995.0
Mercedes-Benz,C-Class,8121,2024,50295.0
Hyundai,Elantra,4049,2024,20999.0
Nissan,Sentra,5518,2024,19885.0
BMW,3 Series,65318,2022,23495.0
Nissan,Altima,20699,2021,22994.0
Mercedes-Benz,GLC,33351,2021,30900.0
Tesla,Model 3,35501,2023,18995.0
Land Rover,Range Rover Sport,102801,2016,14494.0
Mercedes-Benz,Sprinter Cargo Van,56088,2019,21988.0
Toyota,RAV4,67842,2022,27500.0
Chevrolet,Sonic,89292,2019,7499.0
Nissan,NV200 Compact Cargo,110015,2019,10487.0
Honda,Civic,120656,2019,13399.0
Acura,RDX,104943,2013,10999.0
Chrysler,Pacifica,58544,2022,21295.0
Chrysler,200,102895,2011,5799.0
Porsche,Cayenne,527,2024,89900.0
Audi,Q5,5307,2024,44415.0
Jeep,Grand Cherokee,80125,2019,17495.0
Dodge,Durango,35413,2023,31995.0
Land Rover,Range Rover Sport,84977,2020,23352.0
Ford,F-150,225,2024,79995.0
Ford,Escape,2792,2021,18475.0
Volvo,XC40,29493,2021,28595.0
Chevrolet,Cruze,16765,2019,11999.0
BMW,X5,125520,2017,13446.0
Ford,F-150,90445,2016,19995.0
Rolls-Royce,Ghost,66,2023,319995.0
Jeep,Wrangler,53021,2021,26495.0
Ford,Edge,18465,2022,27995.0
Lexus,RX,45300,2019,24725.0
Audi,A6,22546,2022,33998.0
Cadillac,ATS,102964,2015,6999.0
Honda,CR-V,107663,2018,16295.0
Mercedes-Benz,GLB,38079,2022,25900.0
Kia,Forte,9514,2021,14497.0
Mercedes-Benz,GLC,32509,2022,33900.0
Nissan,Rogue,73285,2021,16411.0
Tesla,Model Y,46201,2022,25295.0
Mercedes-Benz,GLC,63238,2019,36995.0
GMC,Terrain,34125,2022,21662.0
Jeep,Cherokee,17843,2021,21495.0
Ford,Edge,31373,2022,25988.0
Honda,Pilot,102704,2016,13995.0
Chevrolet,Cruze Limited,116844,2016,5499.0
Jeep,Grand Cherokee,11584,2024,34850.0
Toyota,Corolla,45545,2021,14500.0
Mercedes-Benz,GLE,19497,2023,70995.0
Ford,Escape,11432,2020,19969.0
Honda,Prologue,362,2024,37000.0
Acura,TLX,102858,2017,14995.0
Porsche,Cayenne,69970,2021,46740.0
Honda,Civic,79611,2012,8499.0
Mercedes-Benz,C-Class,29168,2020,20174.0
BMW,7 Series,66667,2022,35995.0
Fisker,Ocean,7825,2023,21095.0
BMW,X3,21765,2022,30995.0
Mercedes-Benz,C-Class,101066,2013,5995.0
Land Rover,Range Rover,110136,2014,19995.0
Mercedes-Benz,GLC,4574,2023,40500.0
Mercedes-Benz,GLE,55098,2021,33420.0
Mercedes-Benz,CLA,8865,2024,39980.0
BMW,X5,78933,2017,15995.0
Mercedes-Benz,GLA,59247,2021,23409.0
Honda,HR-V,14237,2023,21992.0
Volvo,XC40 Recharge,12896,2021,29448.0
Chrysler,Pacifica,63821,2022,20555.0
Nissan,Rogue,13137,2022,22485.0
Audi,A5,6856,2024,39788.0
Audi,S7,39417,2022,66218.0
Acura,ILX,35225,2021,19995.0
Honda,Civic,34863,2021,19495.0
Nissan,Sentra,25673,2021,15898.0
Mercedes-Benz,EQS SUV,24258,2023,49604.0
Acura,ILX,51825,2022,18595.0
Lexus,RX,46176,2022,35500.0
BMW,X5,48179,2019,26349.0
BMW,X6,42653,2018,29995.0
BMW,4 Series,82423,2022,23995.0
Toyota,Corolla,13402,2022,18714.0
Jeep,Grand Cherokee,24642,2023,25990.0
Volvo,XC40,23194,2021,28995.0
Land Rover,Discovery Sport,37430,2020,15192.0
Mercedes-Benz,GLE,39092,2020,31005.0
GMC,Acadia,108135,2017,10499.0
Toyota,Highlander,33212,2023,27988.0
Jeep,Compass,86840,2019,12995.0
BMW,4 Series,18201,2021,30900.0
Ford,Mustang,24180,2024,27995.0
Jeep,Wrangler,26501,2021,31944.0
Honda,Pilot,129664,2014,11200.0
Tesla,Model 3,53033,2022,22695.0
Volvo,XC60,4261,2023,45695.0
Toyota,Camry,173074,2014,7995.0
Kia,Sportage,33700,2020,16995.0
Honda,Civic,35658,2022,19979.0
Hyundai,Sonata,72243,2015,6888.0
Nissan,Sentra,9775,2022,17190.0
Cadillac,SRX,48627,2013,11598.0
Mercedes-Benz,GLA,22533,2020,21995.0
Toyota,Highlander,56590,2022,29473.0
Audi,Q5,59471,2019,18994.0
Dodge,Durango,17,2024,36850.0
Toyota,Highlander,175850,2013,9995.0
Mercedes-Benz,GLS,58758,2019,27495.0
Nissan,Sentra,14595,2023,12888.0
Toyota,RAV4,46563,2021,21882.0
Land Rover,Range Rover Velar,8643,2021,43450.0
Mercedes-Benz,GLE,33747,2020,31000.0
Hyundai,Santa Fe,51444,2022,18990.0
Chevrolet,Equinox,18352,2022,18740.0
Ford,F-150,135243,2015,14999.0
Porsche,Macan,108890,2015,17990.0
Jaguar,F-PACE,92260,2018,12900.0
Mercedes-Benz,E-Class,44815,2019,23398.0
Hyundai,Sonata,43926,2017,13461.0
Ford,F-150,14365,2022,26989.0
Ford,Mustang,63867,2018,22795.0
Land Rover,Range Rover Sport,72614,2020,28995.0
Honda,Pilot,37032,2022,29095.0
BMW,5 Series,62508,2022,23988.0
Nissan,Rogue,87591,2021,15990.0
Ford,Bronco Sport,67058,2021,17690.0
Dodge,Durango,52862,2023,23495.0
Mercedes-Benz,GLA,34627,2021,22045.0
Mercedes-Benz,GLC,21456,2021,33900.0
Jeep,Renegade,13185,2021,18700.0
GMC,Sierra 1500,93632,2015,18998.0
Porsche,Macan,18648,2023,54995.0
Ford,Edge,22293,2022,26995.0
Jeep,Wrangler,31600,2020,35738.0
Subaru,Forester,128900,2015,9995.0
Kia,Forte,5116,2022,17888.0
Hyundai,Kona,22974,2022,17500.0
BMW,2 Series,18744,2022,24900.0
Tesla,Model 3,55555,2022,18995.0
Subaru,Outback,63884,2018,16952.0
Dodge,Durango,71776,2018,19490.0
Toyota,Camry,13282,2022,22188.0
Toyota,Corolla Hatchback,47728,2022,16995.0
Mercedes-Benz,CLA,28573,2022,22730.0
Honda,Odyssey,79105,2017,15782.0
Acura,MDX,73558,2022,32499.0
Acura,ILX,19150,2022,23000.0
Land Rover,Defender,19811,2023,69145.0
Jeep,Grand Cherokee,90647,2018,13985.0
Toyota,RAV4,44014,2021,23995.0
Subaru,Impreza,96565,2018,11398.0
Lincoln,MKZ,181109,2010,3480.0
Honda,Civic,16734,2024,20999.0
Mercedes-Benz,GLC,36690,2022,29800.0
Volkswagen,Tiguan,41224,2021,16488.0
Dodge,Durango,52453,2022,23990.0
Kia,Niro EV,500,2023,20488.0
Nissan,NV200 Compact Cargo,99530,2014,8495.0
MINI,Hardtop,115826,2018,8598.0
Hyundai,Venue,48962,2023,14888.0
Mercedes-Benz,C-Class,66008,2018,13490.0
Acura,MDX,45083,2020,25895.0
Nissan,Pathfinder,20666,2023,32589.0
Hyundai,Ioniq,26540,2022,19790.0
Kia,Sportage,51651,2019,15480.0
Mazda,CX-5,25203,2021,23000.0
Honda,Accord,168636,2014,7750.0
Hyundai,Elantra,26164,2022,15482.0
BMW,X7,33843,2022,53995.0
Kia,Stinger,77116,2018,12900.0
Volvo,XC60,138267,2010,5799.0
Ford,Explorer,63504,2021,31527.0
Jeep,Wrangler,122935,2014,11995.0
Jeep,Grand Cherokee WK,59417,2021,19161.0
Tesla,Model Y,34090,2020,22264.0
Volvo,XC60,18708,2022,40895.0
Volkswagen,Passat,56969,2022,14099.0
Toyota,RAV4,24432,2024,24988.0
Kia,K5,45536,2021,16747.0
Acura,MDX,44707,2022,31995.0
Ford,Fusion,95523,2016,8995.0
Chevrolet,Equinox,89906,2022,15000.0
Toyota,RAV4,140930,2016,9995.0
BMW,X4,15121,2024,43000.0
Toyota,Camry,62365,2021,16995.0
Hyundai,Sonata,40691,2021,15800.0
Mercedes-Benz,GLC,30334,2021,31994.0
Dodge,Charger,55144,2022,18941.0
Mazda,CX-5,29571,2022,24995.0
Nissan,Sentra,10932,2022,18798.0
GMC,Savana Cargo Van,21807,2021,29995.0
Hyundai,Sonata,111434,2013,6480.0
INFINITI,Q60,35514,2021,27995.0
BMW,5 Series,67297,2021,20780.0
Toyota,Corolla Hatchback,42550,2022,17900.0
Nissan,Rogue,36471,2021,20150.0
Kia,K5,25249,2021,18999.0
Ford,F-150,120333,2015,16299.0
Jeep,Grand Cherokee,52734,2023,26133.0
Toyota,Tundra,35751,2023,46500.0
Toyota,Corolla,55756,2022,15995.0
Kia,Sorento,49315,2021,23999.0
Audi,A4,7112,2024,38418.0
Nissan,Rogue,17558,2023,20985.0
Toyota,Corolla,144779,2013,7691.0
Ram,1500,18399,2022,35988.0
Nissan,Versa,125,2024,14549.0
Mercedes-Benz,S-Class,54304,2019,29988.0
Mercedes-Benz,CL,81044,2012,30990.0
Kia,Niro EV,500,2023,20488.0
Mercedes-Benz,GLE,53679,2020,36995.0
Mercedes-Benz,C-Class,17687,2023,31495.0
Jeep,Wrangler,38138,2020,25999.0
Maserati,Grecale,2541,2023,42700.0
Honda,Civic,41408,2022,19790.0
Mercedes-Benz,GLB,50545,2020,21649.0
Honda,Odyssey,56822,2023,31695.0
BMW,X4,42799,2022,34803.0
Honda,Civic,190229,2012,5999.0
Dodge,Durango,26131,2022,33495.0
Dodge,Charger,20652,2023,47095.0
Toyota,Prius Prime,25010,2022,24431.0
Mercedes-Benz,GLE,57892,2021,33500.0
Ford,Fusion,125246,2016,7300.0
Mercedes-Benz,GLB,24614,2021,30900.0
Dodge,Durango,61692,2022,24132.0
Mazda,CX-5,85725,2014,10692.0
Ford,Explorer,3536,2024,42995.0
Mercedes-Benz,GLE,31352,2022,52900.0
Dodge,Durango,47378,2018,20988.0
BMW,3 Series,47388,2021,23990.0
BMW,X2,120376,2018,13995.0
Ford,Mustang,128043,2015,14999.0
Bentley,Continental GT,20562,2007,39977.0
Chrysler,Pacifica,134183,2020,11599.0
INFINITI,G,126507,2013,7995.0
Honda,CR-V,60786,2021,20988.0
BMW,M8,58492,2020,53900.0
Chevrolet,Traverse,107462,2017,8890.0
Ram,1500,92453,2018,22785.0
Jeep,Liberty,70746,2012,7898.0
Mercedes-Benz,GLE,29379,2021,41900.0
Honda,CR-V,25326,2022,25995.0
BMW,3 Series,95726,2013,8777.0
Jeep,Gladiator,61118,2020,32000.0
Mercedes-Benz,M-Class,177401,2014,8888.0
Mercedes-Benz,Metris Passenger Van,76796,2019,21993.0
Land Rover,Range Rover,57775,2021,48990.0
Jeep,Grand Cherokee WK,32726,2022,26888.0
Jeep,Grand Cherokee,85301,2017,13445.0
Mercedes-Benz,GLE,103015,2017,14900.0
Mercedes-Benz,GLE,18492,2021,44900.0
Land Rover,Discovery Sport,71755,2017,14408.0
Mercedes-Benz,EQB,21995,2023,24995.0
Ram,1500,34100,2021,43995.0
Mercedes-Benz,GLS,77153,2018,25095.0
Ram,1500,16206,2019,32999.0
Nissan,Rogue,28363,2023,25360.0
Jeep,Renegade,78317,2021,13799.0
Mercedes-Benz,C-Class,51732,2020,20395.0
Ford,Explorer,22935,2021,26392.0
Hyundai,Sonata,35532,2020,16995.0
Jeep,Wrangler,2298,2024,36495.0
Kia,Sportage,28265,2021,15987.0
Mercedes-Benz,GLC,64450,2022,23595.0
Honda,Pilot,14163,2022,28243.0
Volvo,V60 Cross Country,108355,2020,18888.0
Hyundai,Santa Fe Sport,115168,2017,8999.0
Mercedes-Benz,GLE,37062,2022,40980.0
Jaguar,XJ,47847,2015,18990.0
Porsche,Macan,15039,2021,38222.0
Nissan,Sentra,3538,2021,17500.0
Mercedes-Benz,GLC,10259,2022,32884.0
Tesla,Model Y,52395,2021,22995.0
Mercedes-Benz,GLS,35027,2022,59900.0
Toyota,Corolla,21343,2021,17604.0
Subaru,Outback,22808,2020,22995.0
Ford,Transit Cargo Van,29824,2022,27825.0
Kia,Forte,65926,2017,9995.0
BMW,4 Series,20168,2024,32655.0
BMW,X7,58339,2021,35995.0
Jeep,Wrangler,85543,2012,12499.0
Audi,Q5,63282,2019,18985.0
Dodge,Avenger,95171,2013,5999.0
Ram,1500 Classic,42623,2019,22995.0
Mercedes-Benz,C-Class,104299,2013,7995.0
Mercedes-Benz,GLC,33869,2022,32900.0
Alfa Romeo,Giulia,18479,2021,20995.0
Land Rover,Range Rover,59670,2020,37995.0
BMW,X3,55216,2022,27888.0
Acura,RDX,3698,2024,40000.0
Toyota,Tundra,57254,2022,30103.0
Volkswagen,Passat,34246,2020,17988.0
BMW,X7,33862,2021,44244.0
Volkswagen,Tiguan,36668,2020,19111.0
BMW,X1,117187,2016,8995.0
Mercedes-Benz,GLC,7720,2021,47380.0
Jeep,Grand Cherokee WK,126829,2021,17799.0
BMW,X3,55278,2023,27624.0
Audi,Q4 e-tron,4297,2024,39966.0
Mercedes-Benz,GLE,40790,2021,37707.0
Ram,1500,32157,2021,66850.0
Jeep,Gladiator,46348,2020,26059.0
Porsche,Macan,64955,2019,33995.0
BMW,X1,87840,2014,8498.0
Audi,Q5,50753,2022,22599.0
Chevrolet,Tahoe,100192,2016,19999.0
Mercedes-Benz,GLE,3284,2024,65900.0
BMW,7 Series,27721,2022,51535.0
BMW,X3,47199,2021,25477.0
Jeep,Renegade,18701,2021,17787.0
BMW,X3,35829,2021,25534.0
Chevrolet,Equinox,108222,2017,8795.0
Hyundai,Santa Fe Sport,55937,2014,12488.0
BMW,X3,47541,2022,28994.0
Mercedes-Benz,GLE,3570,2024,61850.0
Land Rover,Range Rover,34242,2023,149995.0
Mercedes-Benz,GLC,17217,2020,43900.0
Hyundai,Tucson,57872,2017,13196.0
Jeep,Wrangler,51736,2020,21990.0
Toyota,RAV4,79650,2018,17583.0
Buick,Enclave,82238,2021,22750.0
Volkswagen,Tiguan,43220,2021,17500.0
BMW,X6,49612,2022,42069.0
BMW,X4,43658,2022,34702.0
Jeep,Wrangler,92839,2021,24995.0
Porsche,911,75576,2015,48888.0
Toyota,Tundra,498,2025,46991.0
Acura,MDX,21982,2023,39995.0
Mercedes-Benz,GLC,60832,2022,23490.0
Mercedes-Benz,C-Class,61887,2019,16995.0
Mercedes-Benz,C-Class,48996,2021,22995.0
Mazda,CX-5,17930,2022,24899.0
BMW,8 Series,31033,2021,54776.0
Jeep,Grand Cherokee,30413,2020,17795.0
BMW,3 Series,79863,2021,28900.0
Nissan,Altima,31035,2021,15598.0
Porsche,Cayenne,77427,2018,25546.0
Jeep,Compass,21230,2022,19877.0
Toyota,Corolla,39530,2022,18500.0
Kia,Sorento,29856,2021,22000.0
FIAT,500,93254,2012,3995.0
Nissan,Pathfinder,140469,2014,6977.0
Volkswagen,Tiguan,50256,2022,17900.0
Chevrolet,City Express Cargo Van,54593,2017,10942.0
Toyota,Camry,12940,2024,27900.0
BMW,3 Series,41886,2021,22995.0
Ford,F-150,70171,2018,26985.0
Mercedes-Benz,C-Class,50629,2021,20027.0
Nissan,Rogue,22534,2023,23000.0
Toyota,Highlander,64311,2021,27780.0
Nissan,Sentra,96025,2009,4900.0
Nissan,Sentra,5100,2024,16888.0
Chevrolet,Traverse,60184,2019,21994.0
Honda,Accord,105012,2014,11695.0
Volvo,V60 Cross Country,30056,2021,32995.0
Mercedes-Benz,E-Class,89300,2016,12400.0
BMW,i5,395,2024,68000.0
Audi,Q5,70952,2018,17981.0
Ford,F-150,81558,2021,35495.0
Jeep,Grand Cherokee WK,56163,2021,22500.0
Chrysler,300,77727,2019,12995.0
Nissan,Altima,7418,2022,18898.0
Porsche,Macan,85060,2019,23100.0
Kia,Sorento,47841,2022,19999.0
Porsche,Taycan,3609,2022,63998.0
Jeep,Compass,6756,2023,20850.0
Lamborghini,Huracan,3278,2022,359999.0
Toyota,C-HR,91388,2018,13995.0
Jeep,Wrangler,90981,2013,13695.0
Hyundai,Santa Fe,56185,2022,24076.0
Jeep,Compass,106274,2019,10875.0
Acura,MDX,35844,2022,35885.0
